YR,MON,YR+MON,NINO1+2,ANOM,NINO3,ANOM.1,NINO4,ANOM.2,NINO3.4,ANOM.3
1982,1,1982.0833333333333,24.29,-0.17,25.87,0.24,28.3,0.0,26.72,0.15
1982,2,1982.1666666666667,25.49,-0.58,26.38,0.01,28.21,0.11,26.7,-0.02
1982,3,1982.25,25.21,-1.31,26.98,-0.16,28.41,0.22,27.2,-0.02
1982,4,1982.3333333333333,24.5,-0.97,27.68,0.18,28.92,0.42,28.02,0.24
1982,5,1982.4166666666667,23.97,-0.23,27.79,0.71,29.49,0.7,28.54,0.69
1982,6,1982.5,22.89,0.07,27.46,1.03,29.76,0.92,28.75,1.1
1982,7,1982.5833333333333,22.47,0.87,26.44,0.82,29.38,0.58,28.1,0.88
1982,8,1982.6666666666667,21.75,1.1,26.15,1.16,29.04,0.36,27.93,1.11
1982,9,1982.75,21.8,1.44,26.52,1.67,29.16,0.47,28.11,1.39
1982,10,1982.8333333333333,22.94,2.12,27.11,2.19,29.38,0.72,28.64,1.95
1982,11,1982.9166666666667,24.59,3.0,27.62,2.64,29.23,0.6,28.81,2.16
1982,12,1983.0,26.13,3.34,28.39,3.25,29.15,0.66,29.21,2.64
1983,1,1983.0833333333333,27.42,2.96,28.92,3.29,29.0,0.7,29.36,2.79
1983,2,1983.1666666666667,28.09,2.02,28.92,2.55,28.79,0.69,29.13,2.41
1983,3,1983.25,28.68,2.16,29.1,1.96,28.76,0.57,29.03,1.81
1983,4,1983.3333333333333,28.56,3.09,29.12,1.62,28.85,0.35,28.91,1.13
1983,5,1983.4166666666667,28.19,3.99,28.97,1.89,29.08,0.29,28.89,1.04
1983,6,1983.5,27.44,4.62,28.15,1.72,28.88,0.04,28.24,0.59
1983,7,1983.5833333333333,25.95,4.35,26.62,1.0,28.65,-0.15,27.07,-0.15
1983,8,1983.6666666666667,23.78,3.13,25.87,0.88,28.38,-0.3,26.53,-0.29
1983,9,1983.75,22.24,1.88,25.24,0.39,28.23,-0.46,26.44,-0.28
1983,10,1983.8333333333333,21.86,1.04,24.61,-0.31,27.75,-0.91,25.87,-0.82
1983,11,1983.9166666666667,21.9,0.31,24.17,-0.81,27.76,-0.87,25.58,-1.07
1983,12,1984.0,23.01,0.22,24.44,-0.7,27.82,-0.67,25.59,-0.98
1984,1,1984.0833333333333,24.18,-0.28,24.82,-0.81,27.64,-0.66,25.64,-0.93
1984,2,1984.1666666666667,25.18,-0.89,26.22,-0.15,27.25,-0.85,26.39,-0.33
1984,3,1984.25,26.0,-0.52,27.12,-0.02,27.21,-0.98,26.86,-0.36
1984,4,1984.3333333333333,25.16,-0.31,27.34,-0.16,27.7,-0.8,27.39,-0.39
1984,5,1984.4166666666667,23.23,-0.97,26.46,-0.62,27.95,-0.84,27.39,-0.46
1984,6,1984.5,21.96,-0.86,25.38,-1.05,28.13,-0.71,26.86,-0.79
1984,7,1984.5833333333333,21.24,-0.36,24.96,-0.66,28.35,-0.45,26.74,-0.48
1984,8,1984.6666666666667,20.17,-0.48,24.5,-0.49,28.17,-0.51,26.34,-0.48
1984,9,1984.75,20.37,0.01,24.35,-0.5,28.61,-0.08,26.43,-0.29
1984,10,1984.8333333333333,20.52,-0.3,23.95,-0.97,28.28,-0.38,25.93,-0.76
1984,11,1984.9166666666667,21.5,-0.09,24.03,-0.95,27.99,-0.64,25.41,-1.24
1984,12,1985.0,22.58,-0.21,23.7,-1.44,27.44,-1.05,25.0,-1.57
1985,1,1985.0833333333333,23.59,-0.87,24.51,-1.12,27.71,-0.59,25.43,-1.14
1985,2,1985.1666666666667,24.87,-1.2,25.19,-1.18,27.55,-0.55,25.67,-1.05
1985,3,1985.25,25.74,-0.78,26.11,-1.03,27.38,-0.81,26.23,-0.99
1985,4,1985.3333333333333,24.25,-1.22,26.52,-0.98,27.72,-0.78,26.8,-0.98
1985,5,1985.4166666666667,22.29,-1.91,26.12,-0.96,28.06,-0.73,27.11,-0.74
1985,6,1985.5,21.75,-1.07,25.6,-0.83,28.08,-0.76,26.86,-0.79
1985,7,1985.5833333333333,20.44,-1.16,24.74,-0.88,28.28,-0.52,26.69,-0.53
1985,8,1985.6666666666667,19.29,-1.36,24.4,-0.59,28.32,-0.36,26.5,-0.32
1985,9,1985.75,19.44,-0.92,24.15,-0.7,28.33,-0.36,26.25,-0.47
1985,10,1985.8333333333333,19.9,-0.92,24.15,-0.77,28.28,-0.38,26.19,-0.5
1985,11,1985.9166666666667,20.69,-0.9,24.28,-0.7,28.52,-0.11,26.19,-0.46
1985,12,1986.0,22.4,-0.39,24.29,-0.85,28.53,0.04,26.11,-0.46
1986,1,1986.0833333333333,24.61,0.15,24.73,-0.9,28.11,-0.19,25.79,-0.78
1986,2,1986.1666666666667,26.06,-0.01,25.81,-0.56,27.93,-0.17,25.94,-0.78
1986,3,1986.25,25.91,-0.61,26.84,-0.3,27.97,-0.22,26.65,-0.57
1986,4,1986.3333333333333,24.58,-0.89,27.17,-0.33,28.21,-0.29,27.44,-0.34
1986,5,1986.4166666666667,23.38,-0.82,26.68,-0.4,28.58,-0.21,27.5,-0.35
1986,6,1986.5,21.98,-0.84,26.3,-0.13,28.84,0.0,27.69,0.04
1986,7,1986.5833333333333,21.12,-0.48,25.7,0.08,28.9,0.1,27.37,0.15
1986,8,1986.6666666666667,20.97,0.32,25.02,0.03,29.04,0.36,27.15,0.33
1986,9,1986.75,20.44,0.08,25.25,0.4,29.18,0.49,27.33,0.61
1986,10,1986.8333333333333,21.07,0.25,25.62,0.7,29.38,0.72,27.57,0.88
1986,11,1986.9166666666667,22.03,0.44,25.92,0.94,29.4,0.77,27.73,1.08
1986,12,1987.0,23.0,0.21,25.86,0.72,29.19,0.7,27.7,1.13
1987,1,1987.0833333333333,25.3,0.84,26.69,1.06,29.02,0.72,27.91,1.34
1987,2,1987.1666666666667,27.14,1.07,27.42,1.05,28.93,0.83,28.02,1.3
1987,3,1987.25,28.01,1.49,28.2,1.06,29.04,0.85,28.47,1.25
1987,4,1987.3333333333333,27.17,1.7,28.49,0.99,29.21,0.71,28.8,1.02
1987,5,1987.4166666666667,25.58,1.38,28.22,1.14,29.25,0.46,28.75,0.9
1987,6,1987.5,24.06,1.24,27.71,1.28,29.53,0.69,29.03,1.38
1987,7,1987.5833333333333,22.78,1.18,27.07,1.45,29.47,0.67,28.8,1.58
1987,8,1987.6666666666667,21.73,1.08,26.52,1.53,29.41,0.73,28.58,1.76
1987,9,1987.75,21.45,1.09,26.57,1.72,29.51,0.82,28.39,1.67
1987,10,1987.8333333333333,22.39,1.57,26.2,1.28,29.61,0.95,28.07,1.38
1987,11,1987.9166666666667,22.63,1.04,26.13,1.15,29.8,1.17,27.99,1.34
1987,12,1988.0,23.47,0.68,26.2,1.06,29.44,0.95,27.6,1.03
1988,1,1988.0833333333333,24.64,0.18,26.12,0.49,29.13,0.83,27.32,0.75
1988,2,1988.1666666666667,25.74,-0.33,26.55,0.18,28.69,0.59,27.22,0.5
1988,3,1988.25,25.78,-0.74,27.14,0.0,28.2,0.01,27.31,0.09
1988,4,1988.3333333333333,24.54,-0.93,26.73,-0.77,28.15,-0.35,27.32,-0.46
1988,5,1988.4166666666667,23.6,-0.6,25.22,-1.86,28.36,-0.43,26.48,-1.37
1988,6,1988.5,21.27,-1.55,24.46,-1.97,28.13,-0.71,26.11,-1.54
1988,7,1988.5833333333333,20.26,-1.34,23.71,-1.91,27.88,-0.92,25.57,-1.65
1988,8,1988.6666666666667,19.12,-1.53,23.37,-1.62,27.68,-1.0,25.24,-1.58
1988,9,1988.75,19.19,-1.17,23.61,-1.24,27.63,-1.06,25.43,-1.29
1988,10,1988.8333333333333,19.5,-1.32,23.17,-1.75,27.06,-1.6,24.62,-2.07
1988,11,1988.9166666666667,20.55,-1.04,23.03,-1.95,26.76,-1.87,24.27,-2.38
1988,12,1989.0,21.8,-0.99,23.07,-2.07,26.75,-1.74,24.33,-2.24
1989,1,1989.0833333333333,24.09,-0.37,24.15,-1.48,26.54,-1.76,24.53,-2.04
1989,2,1989.1666666666667,26.26,0.19,25.61,-0.76,26.55,-1.55,25.33,-1.39
1989,3,1989.25,26.66,0.14,26.02,-1.12,27.0,-1.19,25.9,-1.32
1989,4,1989.3333333333333,25.63,0.16,26.67,-0.83,27.54,-0.96,26.69,-1.09
1989,5,1989.4166666666667,23.18,-1.02,26.37,-0.71,28.14,-0.65,27.09,-0.76
1989,6,1989.5,22.0,-0.82,26.08,-0.35,27.94,-0.9,26.98,-0.67
1989,7,1989.5833333333333,21.12,-0.48,25.28,-0.34,28.2,-0.6,26.74,-0.48
1989,8,1989.6666666666667,20.32,-0.33,24.56,-0.43,28.14,-0.54,26.33,-0.49
1989,9,1989.75,19.87,-0.49,24.45,-0.4,28.25,-0.44,26.25,-0.47
1989,10,1989.8333333333333,20.33,-0.49,24.49,-0.43,28.39,-0.27,26.26,-0.43
1989,11,1989.9166666666667,21.31,-0.28,24.56,-0.42,28.23,-0.4,26.24,-0.41
1989,12,1990.0,22.19,-0.6,24.71,-0.43,28.52,0.03,26.38,-0.19
1990,1,1990.0833333333333,24.02,-0.44,25.34,-0.29,28.56,0.26,26.55,-0.02
1990,2,1990.1666666666667,25.88,-0.19,26.37,0.0,28.62,0.52,26.95,0.23
1990,3,1990.25,26.16,-0.36,27.03,-0.11,28.78,0.59,27.46,0.24
1990,4,1990.3333333333333,25.22,-0.25,27.67,0.17,28.93,0.43,28.02,0.24
1990,5,1990.4166666666667,24.05,-0.15,27.35,0.27,28.96,0.17,28.06,0.21
1990,6,1990.5,22.68,-0.14,26.45,0.02,28.94,0.1,27.58,-0.07
1990,7,1990.5833333333333,21.0,-0.6,25.45,-0.17,28.98,0.18,27.25,0.03
1990,8,1990.6666666666667,20.25,-0.4,25.06,0.07,29.17,0.49,27.05,0.23
1990,9,1990.75,20.13,-0.23,24.85,0.0,29.04,0.35,26.75,0.03
1990,10,1990.8333333333333,20.28,-0.54,24.9,-0.02,29.23,0.57,26.98,0.29
1990,11,1990.9166666666667,20.84,-0.75,24.82,-0.16,29.06,0.43,26.72,0.07
1990,12,1991.0,22.45,-0.34,25.08,-0.06,29.14,0.65,26.91,0.34
1991,1,1991.0833333333333,23.86,-0.6,25.65,0.02,29.0,0.7,27.01,0.44
1991,2,1991.1666666666667,25.97,-0.1,26.27,-0.1,28.73,0.63,26.93,0.21
1991,3,1991.25,26.51,-0.01,26.99,-0.15,28.64,0.45,27.25,0.03
1991,4,1991.3333333333333,24.99,-0.48,27.32,-0.18,29.13,0.63,27.98,0.2
1991,5,1991.4166666666667,24.37,0.17,27.58,0.5,29.42,0.63,28.35,0.5
1991,6,1991.5,23.05,0.23,27.34,0.91,29.35,0.51,28.36,0.71
1991,7,1991.5833333333333,22.05,0.45,26.57,0.95,29.26,0.46,27.92,0.7
1991,8,1991.6666666666667,21.08,0.43,25.47,0.48,29.25,0.57,27.44,0.62
1991,9,1991.75,20.75,0.39,25.05,0.2,29.19,0.5,27.07,0.35
1991,10,1991.8333333333333,21.13,0.31,25.6,0.68,29.44,0.78,27.63,0.94
1991,11,1991.9166666666667,22.18,0.59,25.98,1.0,29.45,0.82,27.86,1.21
1991,12,1992.0,23.43,0.64,26.52,1.38,29.45,0.96,28.37,1.8
1992,1,1992.0833333333333,24.83,0.37,27.0,1.37,29.06,0.76,28.41,1.84
1992,2,1992.1666666666667,26.68,0.61,27.67,1.3,29.02,0.92,28.63,1.91
1992,3,1992.25,27.76,1.24,28.33,1.19,29.08,0.89,28.83,1.61
1992,4,1992.3333333333333,27.68,2.21,28.72,1.22,29.42,0.92,29.14,1.36
1992,5,1992.4166666666667,26.31,2.11,28.43,1.35,29.46,0.67,28.99,1.14
1992,6,1992.5,23.82,1.0,26.66,0.23,29.31,0.47,28.02,0.37
1992,7,1992.5833333333333,21.95,0.35,25.53,-0.09,29.35,0.55,27.53,0.31
1992,8,1992.6666666666667,20.55,-0.1,24.7,-0.29,28.9,0.22,26.64,-0.18
1992,9,1992.75,20.06,-0.3,24.52,-0.33,28.79,0.1,26.48,-0.24
1992,10,1992.8333333333333,20.82,0.0,24.62,-0.3,28.69,0.03,26.34,-0.35
1992,11,1992.9166666666667,21.49,-0.1,24.79,-0.19,28.7,0.07,26.51,-0.14
1992,12,1993.0,22.48,-0.31,25.01,-0.13,28.76,0.27,26.73,0.16
1993,1,1993.0833333333333,24.43,-0.03,25.56,-0.07,28.6,0.3,26.69,0.12
1993,2,1993.1666666666667,26.49,0.42,26.61,0.24,28.41,0.31,26.97,0.25
1993,3,1993.25,27.17,0.65,27.54,0.4,28.6,0.41,27.66,0.44
1993,4,1993.3333333333333,26.44,0.97,28.45,0.95,28.93,0.43,28.59,0.81
1993,5,1993.4166666666667,25.15,0.95,28.16,1.08,29.13,0.34,28.82,0.97
1993,6,1993.5,23.76,0.94,27.11,0.68,29.17,0.33,28.28,0.63
1993,7,1993.5833333333333,22.06,0.46,25.77,0.15,29.2,0.4,27.55,0.33
1993,8,1993.6666666666667,21.05,0.4,24.93,-0.06,28.94,0.26,26.84,0.02
1993,9,1993.75,20.83,0.47,24.97,0.12,29.07,0.38,26.92,0.2
1993,10,1993.8333333333333,20.99,0.17,25.21,0.29,28.9,0.24,26.93,0.24
1993,11,1993.9166666666667,21.64,0.05,25.17,0.19,28.97,0.34,26.91,0.26
1993,12,1994.0,22.75,-0.04,25.32,0.18,28.9,0.41,26.76,0.19
1994,1,1994.0833333333333,24.32,-0.14,25.71,0.08,28.47,0.17,26.6,0.03
1994,2,1994.1666666666667,25.79,-0.28,26.07,-0.3,28.07,-0.03,26.59,-0.13
1994,3,1994.25,25.43,-1.09,26.89,-0.25,28.26,0.07,27.27,0.05
1994,4,1994.3333333333333,24.32,-1.15,27.06,-0.44,28.62,0.12,27.9,0.12
1994,5,1994.4166666666667,23.22,-0.98,26.97,-0.11,29.0,0.21,28.04,0.19
1994,6,1994.5,22.43,-0.39,26.5,0.07,29.18,0.34,27.99,0.34
1994,7,1994.5833333333333,21.21,-0.39,25.19,-0.43,29.4,0.6,27.35,0.13
1994,8,1994.6666666666667,19.7,-0.95,24.71,-0.28,29.46,0.78,27.35,0.53
1994,9,1994.75,20.16,-0.2,24.81,-0.04,29.23,0.54,27.0,0.28
1994,10,1994.8333333333333,21.53,0.71,25.53,0.61,29.45,0.79,27.49,0.8
1994,11,1994.9166666666667,22.41,0.82,25.87,0.89,29.63,1.0,27.87,1.22
1994,12,1995.0,23.61,0.82,26.07,0.93,29.5,1.01,27.87,1.3
1995,1,1995.0833333333333,25.33,0.87,26.34,0.71,29.2,0.9,27.55,0.98
1995,2,1995.1666666666667,26.43,0.36,26.87,0.5,29.01,0.91,27.45,0.73
1995,3,1995.25,26.12,-0.4,27.08,-0.06,28.96,0.77,27.63,0.41
1995,4,1995.3333333333333,24.47,-1.0,27.1,-0.4,28.89,0.39,27.93,0.15
1995,5,1995.4166666666667,23.1,-1.1,26.4,-0.68,29.15,0.36,27.73,-0.12
1995,6,1995.5,22.45,-0.37,26.2,-0.23,29.01,0.17,27.59,-0.06
1995,7,1995.5833333333333,21.23,-0.37,25.42,-0.2,28.78,-0.02,27.01,-0.21
1995,8,1995.6666666666667,20.01,-0.64,24.33,-0.66,28.43,-0.25,26.33,-0.49
1995,9,1995.75,20.17,-0.19,24.02,-0.83,28.25,-0.44,25.96,-0.76
1995,10,1995.8333333333333,20.15,-0.67,24.01,-0.91,28.07,-0.59,25.67,-1.02
1995,11,1995.9166666666667,21.2,-0.39,24.03,-0.95,27.97,-0.66,25.66,-0.99
1995,12,1996.0,22.02,-0.77,24.19,-0.95,28.07,-0.42,25.57,-1.0
1996,1,1996.0833333333333,23.84,-0.62,24.96,-0.67,27.92,-0.38,25.74,-0.83
1996,2,1996.1666666666667,25.71,-0.36,25.72,-0.65,27.57,-0.53,25.85,-0.87
1996,3,1996.25,26.09,-0.43,26.71,-0.43,27.71,-0.48,26.62,-0.6
1996,4,1996.3333333333333,23.85,-1.62,26.72,-0.78,28.07,-0.43,27.36,-0.42
1996,5,1996.4166666666667,22.89,-1.31,26.33,-0.75,28.43,-0.36,27.37,-0.48
1996,6,1996.5,21.56,-1.26,25.89,-0.54,28.55,-0.29,27.32,-0.33
1996,7,1996.5833333333333,20.02,-1.58,25.35,-0.27,28.5,-0.3,27.09,-0.13
1996,8,1996.6666666666667,19.53,-1.12,24.6,-0.39,28.54,-0.14,26.56,-0.26
1996,9,1996.75,19.24,-1.12,24.37,-0.48,28.43,-0.26,26.35,-0.37
1996,10,1996.8333333333333,19.95,-0.87,24.37,-0.55,28.42,-0.24,26.24,-0.45
1996,11,1996.9166666666667,20.26,-1.33,24.38,-0.6,28.33,-0.3,26.19,-0.46
1996,12,1997.0,21.61,-1.18,24.2,-0.94,28.44,-0.05,26.02,-0.55
1997,1,1997.0833333333333,23.67,-0.79,24.7,-0.93,28.41,0.11,25.96,-0.61
1997,2,1997.1666666666667,25.74,-0.33,25.75,-0.62,28.33,0.23,26.36,-0.36
1997,3,1997.25,26.95,0.43,26.98,-0.16,28.52,0.33,27.03,-0.19
1997,4,1997.3333333333333,26.64,1.17,27.59,0.09,29.32,0.82,28.03,0.25
1997,5,1997.4166666666667,26.71,2.51,28.06,0.98,29.45,0.66,28.6,0.75
1997,6,1997.5,26.27,3.45,28.14,1.71,29.4,0.56,28.94,1.29
1997,7,1997.5833333333333,25.59,3.99,28.01,2.39,29.5,0.7,28.92,1.7
1997,8,1997.6666666666667,24.8,4.15,27.84,2.85,29.26,0.58,28.84,2.02
1997,9,1997.75,24.4,4.04,27.84,2.99,29.32,0.63,28.93,2.21
1997,10,1997.8333333333333,24.58,3.76,28.17,3.25,29.32,0.66,29.23,2.54
1997,11,1997.9166666666667,25.63,4.04,28.55,3.57,29.49,0.86,29.32,2.67
1997,12,1998.0,26.92,4.13,28.76,3.62,29.32,0.83,29.26,2.69
1998,1,1998.0833333333333,28.22,3.76,28.94,3.31,29.01,0.71,29.1,2.53
1998,2,1998.1666666666667,28.98,2.91,28.93,2.56,28.87,0.77,28.86,2.14
1998,3,1998.25,29.15,2.63,29.14,2.0,28.65,0.46,28.67,1.45
1998,4,1998.3333333333333,28.61,3.14,29.09,1.59,28.53,0.03,28.56,0.78
1998,5,1998.4166666666667,27.69,3.49,28.17,1.09,28.71,-0.08,28.47,0.62
1998,6,1998.5,25.18,2.36,26.0,-0.43,28.61,-0.23,26.72,-0.93
1998,7,1998.5833333333333,23.43,1.83,25.24,-0.38,28.07,-0.73,25.94,-1.28
1998,8,1998.6666666666667,21.77,1.12,24.63,-0.36,27.77,-0.91,25.49,-1.33
1998,9,1998.75,20.87,0.51,24.19,-0.66,27.88,-0.81,25.61,-1.11
1998,10,1998.8333333333333,21.16,0.34,24.06,-0.86,27.33,-1.33,25.34,-1.35
1998,11,1998.9166666666667,21.43,-0.16,24.11,-0.87,27.23,-1.4,25.18,-1.47
1998,12,1999.0,22.56,-0.23,23.86,-1.28,27.11,-1.38,24.79,-1.78
1999,1,1999.0833333333333,23.73,-0.73,24.41,-1.22,26.59,-1.71,24.9,-1.67
1999,2,1999.1666666666667,25.64,-0.43,25.57,-0.8,26.52,-1.58,25.41,-1.31
1999,3,1999.25,26.62,0.1,26.67,-0.47,26.9,-1.29,26.25,-0.97
1999,4,1999.3333333333333,24.3,-1.17,26.66,-0.84,27.35,-1.15,26.84,-0.94
1999,5,1999.4166666666667,23.46,-0.74,26.44,-0.64,27.87,-0.92,26.97,-0.88
1999,6,1999.5,21.83,-0.99,25.59,-0.84,28.01,-0.83,26.6,-1.05
1999,7,1999.5833333333333,20.44,-1.16,24.85,-0.77,27.92,-0.88,26.35,-0.87
1999,8,1999.6666666666667,19.75,-0.9,24.02,-0.97,27.73,-0.95,25.59,-1.23
1999,9,1999.75,19.23,-1.13,23.72,-1.13,27.82,-0.87,25.71,-1.01
1999,10,1999.8333333333333,20.05,-0.77,23.75,-1.17,27.85,-0.81,25.64,-1.05
1999,11,1999.9166666666667,20.51,-1.08,23.46,-1.52,27.56,-1.07,25.12,-1.53
1999,12,2000.0,21.72,-1.07,23.54,-1.6,27.23,-1.26,24.9,-1.67
2000,1,2000.0833333333333,23.86,-0.6,23.88,-1.75,26.96,-1.34,24.65,-1.92
2000,2,2000.1666666666667,25.71,-0.36,25.31,-1.06,26.66,-1.44,25.19,-1.53
2000,3,2000.25,26.19,-0.33,26.61,-0.53,26.76,-1.43,26.08,-1.14
2000,4,2000.3333333333333,25.84,0.37,27.46,-0.04,27.37,-1.13,27.01,-0.77
2000,5,2000.4166666666667,24.1,-0.1,26.8,-0.28,27.81,-0.98,27.12,-0.73
2000,6,2000.5,22.25,-0.57,25.84,-0.59,28.11,-0.73,27.03,-0.62
2000,7,2000.5833333333333,20.59,-1.01,25.13,-0.49,28.2,-0.6,26.72,-0.5
2000,8,2000.6666666666667,20.1,-0.55,24.47,-0.52,28.32,-0.36,26.45,-0.37
2000,9,2000.75,19.94,-0.42,24.35,-0.5,28.44,-0.25,26.21,-0.51
2000,10,2000.8333333333333,20.37,-0.45,24.41,-0.51,28.17,-0.49,25.96,-0.73
2000,11,2000.9166666666667,20.6,-0.99,24.17,-0.81,28.09,-0.54,25.78,-0.87
2000,12,2001.0,22.22,-0.57,24.43,-0.71,27.6,-0.89,25.59,-0.98
2001,1,2001.0833333333333,23.88,-0.58,24.99,-0.64,27.5,-0.8,25.74,-0.83
2001,2,2001.1666666666667,25.91,-0.16,26.06,-0.31,27.27,-0.83,26.11,-0.61
2001,3,2001.25,27.44,0.92,27.23,0.09,27.62,-0.57,26.84,-0.38
2001,4,2001.3333333333333,26.69,1.22,27.52,0.02,28.19,-0.31,27.52,-0.26
2001,5,2001.4166666666667,23.77,-0.43,26.89,-0.19,28.64,-0.15,27.6,-0.25
2001,6,2001.5,21.74,-1.08,26.35,-0.08,28.83,-0.01,27.68,0.03
2001,7,2001.5833333333333,20.88,-0.72,25.43,-0.19,29.06,0.26,27.32,0.1
2001,8,2001.6666666666667,19.9,-0.75,24.72,-0.27,28.96,0.28,26.87,0.05
2001,9,2001.75,19.39,-0.97,24.27,-0.58,29.14,0.45,26.55,-0.17
2001,10,2001.8333333333333,19.52,-1.3,24.45,-0.47,29.01,0.35,26.59,-0.1
2001,11,2001.9166666666667,20.49,-1.1,24.35,-0.63,28.96,0.33,26.45,-0.2
2001,12,2002.0,21.96,-0.83,24.6,-0.54,28.6,0.11,26.17,-0.4
2002,1,2002.0833333333333,23.64,-0.82,25.09,-0.54,28.81,0.51,26.5,-0.07
2002,2,2002.1666666666667,26.06,-0.01,26.21,-0.16,28.76,0.66,26.95,0.23
2002,3,2002.25,27.53,1.01,27.22,0.08,28.68,0.49,27.32,0.1
2002,4,2002.3333333333333,26.53,1.06,27.56,0.06,29.09,0.59,27.94,0.16
2002,5,2002.4166666666667,24.8,0.6,27.24,0.16,29.45,0.66,28.15,0.3
2002,6,2002.5,22.67,-0.15,27.06,0.63,29.63,0.79,28.43,0.78
2002,7,2002.5833333333333,21.01,-0.59,26.03,0.41,29.49,0.69,27.98,0.76
2002,8,2002.6666666666667,19.94,-0.71,25.47,0.48,29.4,0.72,27.79,0.97
2002,9,2002.75,19.89,-0.47,25.54,0.69,29.44,0.75,27.83,1.11
2002,10,2002.8333333333333,21.16,0.34,25.85,0.93,29.56,0.9,28.05,1.36
2002,11,2002.9166666666667,22.25,0.66,26.37,1.39,29.83,1.2,28.27,1.62
2002,12,2003.0,23.44,0.65,26.48,1.34,29.49,1.0,28.09,1.52
2003,1,2003.0833333333333,24.38,-0.08,26.38,0.75,29.25,0.95,27.76,1.19
2003,2,2003.1666666666667,25.81,-0.26,26.7,0.33,29.03,0.93,27.49,0.77
2003,3,2003.25,25.97,-0.55,27.28,0.14,29.03,0.84,27.81,0.59
2003,4,2003.3333333333333,24.44,-1.03,27.15,-0.35,28.96,0.46,27.81,0.03
2003,5,2003.4166666666667,22.49,-1.71,26.14,-0.94,28.92,0.13,27.37,-0.48
2003,6,2003.5,21.58,-1.24,25.83,-0.6,29.09,0.25,27.48,-0.17
2003,7,2003.5833333333333,20.75,-0.85,25.75,0.13,29.11,0.31,27.43,0.21
2003,8,2003.6666666666667,20.14,-0.51,25.04,0.05,29.05,0.37,26.85,0.03
2003,9,2003.75,20.0,-0.36,24.97,0.12,29.02,0.33,26.96,0.24
2003,10,2003.8333333333333,20.99,0.17,25.33,0.41,29.22,0.56,27.19,0.5
2003,11,2003.9166666666667,21.92,0.33,25.4,0.42,29.31,0.68,27.05,0.4
2003,12,2004.0,22.99,0.2,25.56,0.42,29.02,0.53,26.89,0.32
2004,1,2004.0833333333333,24.6,0.14,25.92,0.29,28.83,0.53,26.74,0.17
2004,2,2004.1666666666667,25.81,-0.26,26.46,0.09,28.59,0.49,26.86,0.14
2004,3,2004.25,25.94,-0.58,27.16,0.02,28.43,0.24,27.1,-0.12
2004,4,2004.3333333333333,25.32,-0.15,27.37,-0.13,28.75,0.25,27.84,0.06
2004,5,2004.4166666666667,23.05,-1.15,26.72,-0.36,29.16,0.37,28.06,0.21
2004,6,2004.5,21.6,-1.22,26.27,-0.16,29.17,0.33,27.76,0.11
2004,7,2004.5833333333333,20.71,-0.89,25.41,-0.21,29.39,0.59,27.69,0.47
2004,8,2004.6666666666667,19.62,-1.03,25.05,0.06,29.31,0.63,27.54,0.72
2004,9,2004.75,20.07,-0.29,25.17,0.32,29.6,0.91,27.47,0.75
2004,10,2004.8333333333333,20.92,0.1,25.32,0.4,29.55,0.89,27.38,0.69
2004,11,2004.9166666666667,21.96,0.37,25.46,0.48,29.57,0.94,27.31,0.66
2004,12,2005.0,22.94,0.15,25.77,0.63,29.4,0.91,27.31,0.74
2005,1,2005.0833333333333,24.47,0.01,25.89,0.26,29.21,0.91,27.1,0.53
2005,2,2005.1666666666667,25.49,-0.58,26.2,-0.17,28.83,0.73,26.96,0.24
2005,3,2005.25,25.6,-0.92,27.01,-0.13,28.91,0.72,27.55,0.33
2005,4,2005.3333333333333,24.9,-0.57,27.77,0.27,28.96,0.46,28.07,0.29
2005,5,2005.4166666666667,24.4,0.2,27.48,0.4,29.18,0.39,28.2,0.35
2005,6,2005.5,22.47,-0.35,26.81,0.38,29.18,0.34,28.05,0.4
2005,7,2005.5833333333333,21.18,-0.42,25.93,0.31,29.05,0.25,27.47,0.25
2005,8,2005.6666666666667,20.61,-0.04,25.19,0.2,28.86,0.18,26.88,0.06
2005,9,2005.75,19.71,-0.65,24.57,-0.28,28.84,0.15,26.63,-0.09
2005,10,2005.8333333333333,19.72,-1.1,24.69,-0.23,28.89,0.23,26.75,0.06
2005,11,2005.9166666666667,20.62,-0.97,24.28,-0.7,28.67,0.04,26.34,-0.31
2005,12,2006.0,22.29,-0.5,24.28,-0.86,28.35,-0.14,25.89,-0.68
2006,1,2006.0833333333333,24.33,-0.13,25.0,-0.63,27.68,-0.62,25.64,-0.93
2006,2,2006.1666666666667,26.46,0.39,26.08,-0.29,27.39,-0.71,26.08,-0.64
2006,3,2006.25,26.77,0.25,26.54,-0.6,27.79,-0.4,26.57,-0.65
2006,4,2006.3333333333333,24.15,-1.32,27.25,-0.25,28.38,-0.12,27.59,-0.19
2006,5,2006.4166666666667,23.86,-0.34,27.04,-0.04,28.91,0.12,27.91,0.06
2006,6,2006.5,22.77,-0.05,26.44,0.01,29.15,0.31,27.85,0.2
2006,7,2006.5833333333333,22.19,0.59,25.8,0.18,29.07,0.27,27.35,0.13
2006,8,2006.6666666666667,21.59,0.94,25.45,0.46,29.22,0.54,27.22,0.4
2006,9,2006.75,21.43,1.07,25.74,0.89,29.4,0.71,27.34,0.62
2006,10,2006.8333333333333,22.22,1.4,25.96,1.04,29.44,0.78,27.47,0.78
2006,11,2006.9166666666667,22.69,1.1,26.07,1.09,29.63,1.0,27.73,1.08
2006,12,2007.0,23.45,0.66,26.36,1.22,29.47,0.98,27.76,1.19
2007,1,2007.0833333333333,24.99,0.53,26.5,0.87,28.93,0.63,27.26,0.69
2007,2,2007.1666666666667,26.24,0.17,26.45,0.08,28.62,0.52,26.81,0.09
2007,3,2007.25,25.74,-0.78,26.79,-0.35,28.57,0.38,27.18,-0.04
2007,4,2007.3333333333333,24.3,-1.17,27.13,-0.37,28.7,0.2,27.78,0.0
2007,5,2007.4166666666667,22.73,-1.47,26.35,-0.73,28.86,0.07,27.57,-0.28
2007,6,2007.5,21.59,-1.23,25.83,-0.6,28.98,0.14,27.55,-0.1
2007,7,2007.5833333333333,20.27,-1.33,24.79,-0.83,28.81,0.01,26.79,-0.43
2007,8,2007.6666666666667,19.16,-1.49,23.86,-1.13,28.58,-0.1,26.2,-0.62
2007,9,2007.75,18.57,-1.79,23.52,-1.33,28.12,-0.57,25.77,-0.95
2007,10,2007.8333333333333,18.8,-2.02,23.36,-1.56,27.86,-0.8,25.22,-1.47
2007,11,2007.9166666666667,19.49,-2.1,23.17,-1.81,27.42,-1.21,25.06,-1.59
2007,12,2008.0,21.02,-1.77,23.59,-1.55,27.3,-1.19,24.97,-1.6
2008,1,2008.0833333333333,23.86,-0.6,24.13,-1.5,26.62,-1.68,24.71,-1.86
2008,2,2008.1666666666667,26.32,0.25,25.05,-1.32,26.43,-1.67,24.83,-1.89
2008,3,2008.25,27.3,0.78,26.56,-0.58,26.84,-1.35,26.07,-1.15
2008,4,2008.3333333333333,25.89,0.42,27.18,-0.32,27.44,-1.06,26.83,-0.95
2008,5,2008.4166666666667,24.41,0.21,27.08,0.0,27.9,-0.89,27.18,-0.67
2008,6,2008.5,23.55,0.73,26.53,0.1,28.08,-0.76,27.17,-0.48
2008,7,2008.5833333333333,22.63,1.03,26.12,0.5,28.25,-0.55,27.19,-0.03
2008,8,2008.6666666666667,21.79,1.14,25.63,0.64,28.18,-0.5,26.85,0.03
2008,9,2008.75,21.19,0.83,25.09,0.24,28.14,-0.55,26.44,-0.28
2008,10,2008.8333333333333,20.75,-0.07,24.79,-0.13,28.29,-0.37,26.33,-0.36
2008,11,2008.9166666666667,21.44,-0.15,24.75,-0.23,28.08,-0.55,26.3,-0.35
2008,12,2009.0,22.43,-0.36,24.6,-0.54,27.72,-0.77,25.74,-0.83
2009,1,2009.0833333333333,24.42,-0.1,25.03,-0.6,27.42,-0.88,25.54,-1.03
2009,2,2009.1666666666667,26.03,-0.11,25.85,-0.52,27.37,-0.73,26.04,-0.68
2009,3,2009.25,26.38,-0.26,26.44,-0.7,27.79,-0.4,26.67,-0.55
2009,4,2009.3333333333333,25.98,0.37,27.39,-0.11,28.37,-0.13,27.5,-0.27
2009,5,2009.4166666666667,24.83,0.56,27.4,0.32,28.99,0.2,28.03,0.18
2009,6,2009.5,23.73,0.85,27.12,0.69,29.2,0.36,28.11,0.47
2009,7,2009.5833333333333,22.63,1.02,26.56,0.94,29.21,0.4,27.94,0.72
2009,8,2009.6666666666667,21.64,1.0,25.94,0.95,29.21,0.53,27.53,0.71
2009,9,2009.75,20.82,0.47,25.66,0.8,29.28,0.58,27.47,0.75
2009,10,2009.8333333333333,20.96,0.17,25.73,0.81,29.65,0.99,27.63,0.94
2009,11,2009.9166666666667,22.11,0.51,26.23,1.26,29.88,1.25,28.19,1.54
2009,12,2010.0,23.16,0.35,26.67,1.53,29.67,1.18,28.3,1.72
2010,1,2010.0833333333333,24.82,0.3,26.63,1.0,29.51,1.21,28.07,1.5
2010,2,2010.1666666666667,26.08,-0.06,27.12,0.75,29.1,1.0,27.94,1.22
2010,3,2010.25,26.24,-0.4,27.73,0.6,29.21,1.02,28.29,1.08
2010,4,2010.3333333333333,26.05,0.45,28.05,0.55,29.25,0.74,28.36,0.59
2010,5,2010.4166666666667,24.28,0.0,26.97,-0.11,29.03,0.24,27.68,-0.17
2010,6,2010.5,22.6,-0.27,25.75,-0.68,28.64,-0.21,27.0,-0.65
2010,7,2010.5833333333333,20.08,-1.54,24.53,-1.09,28.09,-0.71,26.09,-1.13
2010,8,2010.6666666666667,19.27,-1.37,23.87,-1.12,27.47,-1.2,25.5,-1.32
2010,9,2010.75,18.9,-1.44,23.59,-1.26,27.13,-1.56,25.07,-1.65
2010,10,2010.8333333333333,19.06,-1.73,23.25,-1.66,27.06,-1.6,25.01,-1.68
2010,11,2010.9166666666667,20.03,-1.56,23.4,-1.58,27.07,-1.57,25.07,-1.58
2010,12,2011.0,21.48,-1.34,23.5,-1.64,26.89,-1.6,24.95,-1.62
2011,1,2011.0833333333333,24.08,-0.44,24.31,-1.32,26.72,-1.58,24.93,-1.64
2011,2,2011.1666666666667,26.22,0.08,25.55,-0.82,26.95,-1.15,25.46,-1.27
2011,3,2011.25,26.21,-0.43,26.39,-0.75,27.42,-0.77,26.23,-0.98
2011,4,2011.3333333333333,25.76,0.16,27.18,-0.32,27.86,-0.64,27.02,-0.76
2011,5,2011.4166666666667,24.89,0.62,26.94,-0.14,28.28,-0.51,27.42,-0.43
2011,6,2011.5,23.72,0.85,26.54,0.1,28.47,-0.37,27.46,-0.18
2011,7,2011.5833333333333,22.07,0.45,25.61,-0.01,28.47,-0.33,26.96,-0.26
2011,8,2011.6666666666667,20.64,0.0,24.58,-0.42,28.32,-0.36,26.19,-0.64
2011,9,2011.75,19.75,-0.59,24.22,-0.63,28.05,-0.64,25.98,-0.74
2011,10,2011.8333333333333,20.19,-0.6,23.97,-0.95,27.94,-0.72,25.72,-0.97
2011,11,2011.9166666666667,20.79,-0.8,23.89,-1.09,27.87,-0.77,25.6,-1.05
2011,12,2012.0,21.85,-0.96,24.2,-0.94,27.39,-1.1,25.53,-1.04
2012,1,2012.0833333333333,23.88,-0.64,24.9,-0.73,27.09,-1.21,25.49,-1.08
2012,2,2012.1666666666667,26.3,0.16,26.19,-0.18,27.2,-0.9,26.03,-0.69
2012,3,2012.25,26.91,0.27,26.92,-0.21,27.53,-0.66,26.63,-0.58
2012,4,2012.3333333333333,26.9,1.3,27.58,0.08,28.16,-0.34,27.38,-0.39
2012,5,2012.4166666666667,25.48,1.2,27.23,0.15,28.53,-0.26,27.8,-0.05
2012,6,2012.5,24.47,1.59,27.09,0.66,28.73,-0.11,27.95,0.31
2012,7,2012.5833333333333,22.61,0.99,26.54,0.92,28.86,0.06,27.75,0.53
2012,8,2012.6666666666667,20.99,0.35,25.72,0.73,29.1,0.42,27.55,0.73
2012,9,2012.75,20.83,0.49,25.28,0.43,29.12,0.43,27.24,0.51
2012,10,2012.8333333333333,20.68,-0.11,24.93,0.01,29.16,0.5,26.98,0.29
2012,11,2012.9166666666667,21.21,-0.38,25.11,0.14,29.17,0.54,27.01,0.36
2012,12,2013.0,22.13,-0.68,24.91,-0.23,28.71,0.23,26.46,-0.11
2013,1,2013.0833333333333,24.0,-0.52,25.06,-0.57,28.28,-0.02,26.16,-0.41
2013,2,2013.1666666666667,25.74,-0.41,25.9,-0.46,28.06,-0.04,26.32,-0.4
2013,3,2013.25,26.71,0.07,27.21,0.07,27.95,-0.24,27.0,-0.22
2013,4,2013.3333333333333,24.74,-0.86,27.35,-0.15,28.47,-0.03,27.68,-0.1
2013,5,2013.4166666666667,22.89,-1.38,26.39,-0.69,28.71,-0.08,27.57,-0.27
2013,6,2013.5,21.48,-1.4,25.8,-0.64,28.76,-0.08,27.43,-0.21
2013,7,2013.5833333333333,20.29,-1.33,24.97,-0.66,28.76,-0.04,26.91,-0.31
2013,8,2013.6666666666667,19.66,-0.98,24.44,-0.55,28.71,0.03,26.54,-0.28
2013,9,2013.75,19.78,-0.57,24.72,-0.13,28.7,0.01,26.65,-0.07
2013,10,2013.8333333333333,20.16,-0.63,24.7,-0.21,28.7,0.04,26.36,-0.33
2013,11,2013.9166666666667,21.06,-0.54,24.81,-0.17,28.91,0.27,26.65,0.01
2013,12,2014.0,22.61,-0.2,25.1,-0.04,28.64,0.15,26.53,-0.04
2014,1,2014.0833333333333,24.79,0.27,25.26,-0.37,28.14,-0.17,26.06,-0.51
2014,2,2014.1666666666667,25.4,-0.75,25.56,-0.81,28.37,0.27,26.18,-0.55
2014,3,2014.25,25.86,-0.78,26.9,-0.24,28.71,0.52,26.99,-0.22
2014,4,2014.3333333333333,25.23,-0.37,27.73,0.23,29.13,0.63,28.01,0.24
2014,5,2014.4166666666667,25.57,1.3,27.69,0.61,29.56,0.77,28.31,0.46
2014,6,2014.5,24.51,1.64,27.32,0.89,29.43,0.59,28.11,0.46
2014,7,2014.5833333333333,22.98,1.36,26.27,0.65,29.09,0.29,27.4,0.18
2014,8,2014.6666666666667,21.91,1.27,25.51,0.52,29.14,0.46,27.02,0.2
2014,9,2014.75,21.3,0.96,25.31,0.45,29.34,0.65,27.17,0.45
2014,10,2014.8333333333333,21.54,0.75,25.58,0.66,29.31,0.64,27.17,0.49
2014,11,2014.9166666666667,22.33,0.74,25.88,0.91,29.52,0.88,27.5,0.85
2014,12,2015.0,22.9,0.08,25.94,0.8,29.4,0.91,27.35,0.78
2015,1,2015.0833333333333,24.13,-0.39,25.99,0.36,29.16,0.86,27.1,0.53
2015,2,2015.1666666666667,25.59,-0.55,26.55,0.18,29.12,1.02,27.29,0.56
2015,3,2015.25,26.69,0.06,27.29,0.15,29.32,1.13,27.79,0.58
2015,4,2015.3333333333333,26.95,1.35,28.17,0.67,29.73,1.23,28.56,0.78
2015,5,2015.4166666666667,26.71,2.43,28.28,1.19,29.88,1.09,28.88,1.03
2015,6,2015.5,25.42,2.54,28.1,1.66,29.93,1.09,28.96,1.32
2015,7,2015.5833333333333,24.48,2.87,27.79,2.17,29.8,1.0,28.82,1.6
2015,8,2015.6666666666667,22.88,2.24,27.33,2.34,29.66,0.98,28.89,2.07
2015,9,2015.75,22.91,2.57,27.48,2.63,29.73,1.04,29.0,2.28
2015,10,2015.8333333333333,23.31,2.52,27.58,2.66,29.79,1.12,29.15,2.46
2015,11,2015.9166666666667,23.83,2.24,27.91,2.93,30.3,1.67,29.6,2.95
2015,12,2016.0,25.01,2.19,27.99,2.85,30.11,1.63,29.39,2.82
2016,1,2016.0833333333333,25.93,1.41,28.21,2.58,29.65,1.35,29.17,2.6
2016,2,2016.1666666666667,26.81,0.67,28.36,1.99,29.55,1.45,29.12,2.4
2016,3,2016.25,27.57,0.93,28.7,1.57,29.53,1.34,28.9,1.68
2016,4,2016.3333333333333,25.83,0.23,28.34,0.84,29.39,0.89,28.87,1.09
2016,5,2016.4166666666667,24.55,0.27,27.11,0.03,29.39,0.6,28.15,0.3
2016,6,2016.5,23.17,0.29,26.31,-0.12,29.36,0.52,27.53,-0.12
2016,7,2016.5833333333333,21.79,0.17,25.14,-0.48,29.06,0.26,26.73,-0.49
2016,8,2016.6666666666667,21.03,0.39,24.53,-0.46,28.68,-0.0,26.28,-0.54
2016,9,2016.75,20.87,0.53,24.67,-0.18,28.48,-0.21,26.11,-0.61
2016,10,2016.8333333333333,21.18,0.39,24.47,-0.45,28.26,-0.4,25.96,-0.73
2016,11,2016.9166666666667,21.68,0.09,24.58,-0.4,28.27,-0.37,26.1,-0.55
2016,12,2017.0,23.35,0.53,24.78,-0.36,28.35,-0.14,26.16,-0.41
2017,1,2017.0833333333333,25.75,1.23,25.61,-0.02,28.18,-0.12,26.25,-0.32
2017,2,2017.1666666666667,27.76,1.62,27.0,0.63,28.03,-0.07,26.87,0.14
2017,3,2017.25,28.52,1.89,27.7,0.57,28.13,-0.06,27.34,0.13
2017,4,2017.3333333333333,26.53,0.93,28.09,0.59,28.65,0.15,28.1,0.32
2017,5,2017.4166666666667,25.06,0.78,27.6,0.51,29.08,0.29,28.3,0.46
2017,6,2017.5,22.98,0.1,26.73,0.3,29.39,0.55,28.19,0.55
2017,7,2017.5833333333333,21.54,-0.07,25.85,0.23,29.21,0.4,27.61,0.39
2017,8,2017.6666666666667,20.19,-0.45,24.82,-0.17,28.87,0.19,26.67,-0.15
2017,9,2017.75,19.67,-0.67,24.17,-0.68,28.69,0.0,26.29,-0.43
2017,10,2017.8333333333333,19.45,-1.34,24.28,-0.64,28.55,-0.11,26.23,-0.46
2017,11,2017.9166666666667,20.44,-1.15,23.92,-1.05,28.46,-0.18,25.79,-0.86
2017,12,2018.0,21.44,-1.38,24.05,-1.09,28.24,-0.25,25.8,-0.77
2018,1,2018.0833333333333,23.71,-0.81,24.48,-1.14,28.03,-0.27,25.82,-0.75
2018,2,2018.1666666666667,25.57,-0.57,25.36,-1.01,27.86,-0.24,25.83,-0.9
2018,3,2018.25,25.83,-0.8,26.37,-0.76,28.14,-0.05,26.48,-0.73
2018,4,2018.3333333333333,24.58,-1.02,27.12,-0.38,28.63,0.12,27.42,-0.36
2018,5,2018.4166666666667,23.73,-0.54,26.94,-0.15,29.01,0.22,27.72,-0.13
2018,6,2018.5,22.19,-0.69,26.72,0.29,29.16,0.32,27.85,0.2
2018,7,2018.5833333333333,21.43,-0.19,26.05,0.43,29.1,0.3,27.52,0.3
2018,8,2018.6666666666667,20.66,0.02,25.14,0.15,29.19,0.51,27.11,0.29
2018,9,2018.75,20.31,-0.03,25.2,0.35,29.17,0.48,27.1,0.38
2018,10,2018.8333333333333,21.23,0.43,25.78,0.86,29.61,0.95,27.55,0.86
2018,11,2018.9166666666667,22.27,0.68,26.02,1.05,29.59,0.95,27.64,0.99
2018,12,2019.0,23.6,0.78,26.12,0.98,29.52,1.03,27.53,0.96
2019,1,2019.0833333333333,25.1,0.57,26.17,0.55,29.0,0.65,27.08,0.52
2019,2,2019.1666666666667,26.45,0.24,26.91,0.55,29.06,0.86,27.41,0.68
2019,3,2019.25,26.8,0.07,27.89,0.71,29.1,0.77,28.22,0.95
2019,4,2019.3333333333333,25.68,-0.01,28.17,0.56,29.24,0.56,28.6,0.71
2019,5,2019.4166666666667,24.38,-0.08,27.69,0.51,29.58,0.63,28.57,0.62
2019,6,2019.5,22.62,-0.38,26.81,0.27,29.62,0.6,28.24,0.47
2019,7,2019.5833333333333,21.34,-0.33,25.68,-0.07,29.73,0.77,27.63,0.3
2019,8,2019.6666666666667,20.2,-0.46,24.89,-0.15,29.5,0.68,26.97,0.1
2019,9,2019.75,19.5,-0.83,24.61,-0.23,29.33,0.55,26.7,-0.03
2019,10,2019.8333333333333,20.02,-0.71,25.12,0.17,29.64,0.88,27.31,0.59
2019,11,2019.9166666666667,21.32,-0.22,25.46,0.41,29.47,0.7,27.26,0.51
2019,12,2020.0,23.16,0.4,25.47,0.26,29.5,0.91,27.07,0.43
2020,1,2020.0833333333333,24.55,0.02,25.81,0.2,29.28,0.93,27.09,0.53
2020,2,2020.1666666666667,26.56,0.35,26.61,0.24,29.17,0.98,27.14,0.41
2020,3,2020.25,27.11,0.38,27.43,0.24,29.22,0.89,27.82,0.55
2020,4,2020.3333333333333,26.0,0.32,28.01,0.4,29.29,0.61,28.32,0.44
2020,5,2020.4166666666667,24.24,-0.22,26.82,-0.36,28.94,-0.01,27.59,-0.36
2020,6,2020.5,22.13,-0.87,25.75,-0.79,29.07,0.05,27.3,-0.47
2020,7,2020.5833333333333,20.44,-1.23,25.08,-0.66,28.83,-0.13,26.89,-0.44
2020,8,2020.6666666666667,19.69,-0.97,24.42,-0.62,28.47,-0.35,26.18,-0.69
2020,9,2020.75,19.48,-0.85,23.58,-1.26,28.29,-0.49,25.77,-0.96
2020,10,2020.8333333333333,19.67,-1.07,23.61,-1.34,27.89,-0.87,25.3,-1.42
2020,11,2020.9166666666667,20.94,-0.61,23.82,-1.23,27.91,-0.86,25.34,-1.42
2020,12,2021.0,22.16,-0.6,24.38,-0.83,27.65,-0.95,25.53,-1.12
2021,1,2021.0833333333333,23.89,-0.64,25.06,-0.55,27.1,-1.25,25.58,-0.99
2021,2,2021.1666666666667,25.55,-0.66,25.8,-0.57,27.2,-1.0,25.81,-0.92
2021,3,2021.25,26.48,-0.26,26.8,-0.39,27.79,-0.55,26.75,-0.51
2021,4,2021.3333333333333,24.84,-0.85,26.96,-0.65,28.49,-0.19,27.41,-0.48
2021,5,2021.4166666666667,23.78,-0.68,26.76,-0.42,28.82,-0.13,27.62,-0.34
2021,6,2021.5,23.12,0.12,26.36,-0.18,28.91,-0.11,27.54,-0.22
2021,7,2021.5833333333333,22.2,0.54,25.6,-0.14,28.71,-0.24,27.08,-0.25
2021,8,2021.6666666666667,20.85,0.19,24.8,-0.24,28.61,-0.21,26.43,-0.44
2021,9,2021.75,20.45,0.12,24.57,-0.27,28.38,-0.4,26.44,-0.29
